date,value
2015-01-13 10:35:00,20
2015-01-13 10:35:01,17
2015-01-13 10:35:02,20
2015-01-13 10:35:03,20
2015-01-13 10:35:04,13
2015-01-13 10:35:05,16
2015-01-13 10:35:06,14
2015-01-13 10:35:07,14
2015-01-13 10:35:08,20
2015-01-13 10:35:09,19
2015-01-13 10:35:10,22
2015-01-13 10:35:11,18
2015-01-13 10:35:12,19
2015-01-13 10:35:13,19
2015-01-13 10:35:14,15
2015-01-13 10:35:15,17
2015-01-13 10:35:16,14
2015-01-13 10:35:17,22
2015-01-13 10:35:18,15
2015-01-13 10:35:19,17
2015-01-13 10:35:20,21
2015-01-13 10:35:21,22
2015-01-13 10:35:22,15
2015-01-13 10:35:23,15
2015-01-13 10:35:24,15
2015-01-13 10:35:25,20
2015-01-13 10:35:26,14
2015-01-13 10:35:27,17
2015-01-13 10:35:28,22
2015-01-13 10:35:29,13
2015-01-13 10:35:30,23
2015-01-13 10:35:31,20
2015-01-13 10:35:32,17
2015-01-13 10:35:33,13
2015-01-13 10:35:34,23
2015-01-13 10:35:35,16
2015-01-13 10:35:36,15
2015-01-13 10:35:37,15
2015-01-13 10:35:38,21
2015-01-13 10:35:39,15
2015-01-13 10:35:40,13
2015-01-13 10:35:41,16
2015-01-13 10:35:42,23
2015-01-13 10:35:43,19
2015-01-13 10:35:44,17
2015-01-13 10:35:45,23
2015-01-13 10:35:46,23
2015-01-13 10:35:47,22
2015-01-13 10:35:48,22
2015-01-13 10:35:49,17
2015-01-13 10:35:50,12
2015-01-13 10:35:51,19
2015-01-13 10:35:52,20
2015-01-13 10:35:53,13
2015-01-13 10:35:54,23
2015-01-13 10:35:55,14
2015-01-13 10:35:56,20
2015-01-13 10:35:57,13
2015-01-13 10:35:58,18
2015-01-13 10:35:59,14
2015-01-13 10:36:00,19
2015-01-13 10:36:01,17
2015-01-13 10:36:02,23
2015-01-13 10:36:03,16
2015-01-13 10:36:04,24
2015-01-13 10:36:05,24
2015-01-13 10:36:06,20
2015-01-13 10:36:07,22
2015-01-13 10:36:08,12
2015-01-13 10:36:09,19
2015-01-13 10:36:10,23
2015-01-13 10:36:11,21
2015-01-13 10:36:12,23
2015-01-13 10:36:13,21
2015-01-13 10:36:14,12
2015-01-13 10:36:15,19
2015-01-13 10:36:16,13
2015-01-13 10:36:17,12
2015-01-13 10:36:18,15
2015-01-13 10:36:19,14
2015-01-13 10:36:20,13
2015-01-13 10:36:21,18
2015-01-13 10:36:22,22
2015-01-13 10:36:23,24
2015-01-13 10:36:24,13
2015-01-13 10:36:25,19
2015-01-13 10:36:26,19
2015-01-13 10:36:27,13
2015-01-13 10:36:28,21
2015-01-13 10:36:29,16
2015-01-13 10:36:30,14
2015-01-13 10:36:31,17
2015-01-13 10:36:32,17
2015-01-13 10:36:33,16
2015-01-13 10:36:34,23
2015-01-13 10:36:35,14
2015-01-13 10:36:36,12
2015-01-13 10:36:37,23
2015-01-13 10:36:38,12
2015-01-13 10:36:39,17
2015-01-13 10:36:40,19
2015-01-13 10:36:41,12
2015-01-13 10:36:42,17
2015-01-13 10:36:43,21
2015-01-13 10:36:44,22
2015-01-13 10:36:45,22
2015-01-13 10:36:46,24
2015-01-13 10:36:47,20
2015-01-13 10:36:48,18
2015-01-13 10:36:49,20
2015-01-13 10:36:50,24
2015-01-13 10:36:51,13
2015-01-13 10:36:52,14
2015-01-13 10:36:53,18
2015-01-13 10:36:54,15
2015-01-13 10:36:55,18
2015-01-13 10:36:56,14
2015-01-13 10:36:57,18
2015-01-13 10:36:58,15
2015-01-13 10:36:59,21
2015-01-13 10:37:00,20
2015-01-13 10:37:01,21
2015-01-13 10:37:02,23
2015-01-13 10:37:03,24
2015-01-13 10:37:04,21
2015-01-13 10:37:05,16
2015-01-13 10:37:06,14
2015-01-13 10:37:07,14
2015-01-13 10:37:08,12
2015-01-13 10:37:09,18
2015-01-13 10:37:10,17
2015-01-13 10:37:11,23
2015-01-13 10:37:12,24
2015-01-13 10:37:13,17
2015-01-13 10:37:14,13
2015-01-13 10:37:15,16
2015-01-13 10:37:16,13
2015-01-13 10:37:17,17
2015-01-13 10:37:18,19
2015-01-13 10:37:19,15
2015-01-13 10:37:20,12
2015-01-13 10:37:21,14
2015-01-13 10:37:22,21
2015-01-13 10:37:23,17
2015-01-13 10:37:24,12
2015-01-13 10:37:25,23
2015-01-13 10:37:26,20
2015-01-13 10:37:27,16
2015-01-13 10:37:28,18
2015-01-13 10:37:29,15
2015-01-13 10:37:30,19
2015-01-13 10:37:31,18
2015-01-13 10:37:32,23
2015-01-13 10:37:33,20
2015-01-13 10:37:34,21
2015-01-13 10:37:35,14
2015-01-13 10:37:36,16
2015-01-13 10:37:37,17
2015-01-13 10:37:38,24
2015-01-13 10:37:39,24
2015-01-13 10:37:40,14
2015-01-13 10:37:41,14
2015-01-13 10:37:42,24
2015-01-13 10:37:43,23
2015-01-13 10:37:44,19
2015-01-13 10:37:45,15
2015-01-13 10:37:46,22
2015-01-13 10:37:47,22
2015-01-13 10:37:48,16
2015-01-13 10:37:49,17
2015-01-13 10:37:50,24
2015-01-13 10:37:51,23
2015-01-13 10:37:52,22
2015-01-13 10:37:53,16
2015-01-13 10:37:54,18
2015-01-13 10:37:55,17
2015-01-13 10:37:56,24
2015-01-13 10:37:57,13
2015-01-13 10:37:58,19
2015-01-13 10:37:59,17
2015-01-13 10:38:00,14
2015-01-13 10:38:01,18
2015-01-13 10:38:02,14
2015-01-13 10:38:03,15
2015-01-13 10:38:04,17
2015-01-13 10:38:05,15
2015-01-13 10:38:06,14
2015-01-13 10:38:07,16
2015-01-13 10:38:08,18
2015-01-13 10:38:09,24
2015-01-13 10:38:10,21
2015-01-13 10:38:11,24
2015-01-13 10:38:12,17
2015-01-13 10:38:13,14
2015-01-13 10:38:14,19
2015-01-13 10:38:15,12
2015-01-13 10:38:16,13
2015-01-13 10:38:17,12
2015-01-13 10:38:18,21
2015-01-13 10:38:19,15
2015-01-13 10:38:20,22
2015-01-13 10:38:21,15
2015-01-13 10:38:22,14
2015-01-13 10:38:23,13
2015-01-13 10:38:24,20
2015-01-13 10:38:25,14
2015-01-13 10:38:26,21
2015-01-13 10:38:27,17
2015-01-13 10:38:28,18
2015-01-13 10:38:29,12
2015-01-13 10:38:30,24
2015-01-13 10:38:31,16
2015-01-13 10:38:32,16
2015-01-13 10:38:33,22
2015-01-13 10:38:34,15
2015-01-13 10:38:35,18
2015-01-13 10:38:36,24
2015-01-13 10:38:37,21
2015-01-13 10:38:38,14
2015-01-13 10:38:39,14
2015-01-13 10:38:40,16
2015-01-13 10:38:41,23
2015-01-13 10:38:42,14
2015-01-13 10:38:43,24
2015-01-13 10:38:44,23
2015-01-13 10:38:45,17
2015-01-13 10:38:46,22
2015-01-13 10:38:47,14
2015-01-13 10:38:48,18
2015-01-13 10:38:49,13
2015-01-13 10:38:50,24
2015-01-13 10:38:51,22
2015-01-13 10:38:52,21
2015-01-13 10:38:53,19
2015-01-13 10:38:54,12
2015-01-13 10:38:55,21
2015-01-13 10:38:56,19
2015-01-13 10:38:57,19
2015-01-13 10:38:58,21
2015-01-13 10:38:59,21
2015-01-13 10:39:00,21
2015-01-13 10:39:01,13
2015-01-13 10:39:02,15
2015-01-13 10:39:03,12
2015-01-13 10:39:04,14
2015-01-13 10:39:05,22
2015-01-13 10:39:06,22
2015-01-13 10:39:07,24
2015-01-13 10:39:08,15
2015-01-13 10:39:09,21
2015-01-13 10:39:10,17
2015-01-13 10:39:11,20
2015-01-13 10:39:12,21
2015-01-13 10:39:13,12
2015-01-13 10:39:14,14
2015-01-13 10:39:15,14
2015-01-13 10:39:16,22
2015-01-13 10:39:17,15
2015-01-13 10:39:18,13
2015-01-13 10:39:19,23
2015-01-13 10:39:20,23
2015-01-13 10:39:21,15
2015-01-13 10:39:22,21
2015-01-13 10:39:23,13
2015-01-13 10:39:24,12
2015-01-13 10:39:25,19
2015-01-13 10:39:26,15
2015-01-13 10:39:27,13
2015-01-13 10:39:28,23
2015-01-13 10:39:29,21
2015-01-13 10:39:30,14
2015-01-13 10:39:31,19
2015-01-13 10:39:32,13
2015-01-13 10:39:33,21
2015-01-13 10:39:34,16
2015-01-13 10:39:35,16
2015-01-13 10:39:36,12
2015-01-13 10:39:37,19
2015-01-13 10:39:38,12
2015-01-13 10:39:39,20
2015-01-13 10:39:40,17
2015-01-13 10:39:41,24
2015-01-13 10:39:42,20
2015-01-13 10:39:43,24
2015-01-13 10:39:44,13
2015-01-13 10:39:45,16
2015-01-13 10:39:46,20
2015-01-13 10:39:47,14
2015-01-13 10:39:48,15
2015-01-13 10:39:49,15
2015-01-13 10:39:50,19
2015-01-13 10:39:51,15
2015-01-13 10:39:52,12
2015-01-13 10:39:53,23
2015-01-13 10:39:54,20
2015-01-13 10:39:55,22
2015-01-13 10:39:56,20
2015-01-13 10:39:57,15
2015-01-13 10:39:58,16
2015-01-13 10:39:59,20
2015-01-13 10:40:00,20
2015-01-13 10:40:01,20
2015-01-13 10:40:02,24
2015-01-13 10:40:03,18
2015-01-13 10:40:04,17
2015-01-13 10:40:05,18
2015-01-13 10:40:06,13
2015-01-13 10:40:07,23
2015-01-13 10:40:08,22
2015-01-13 10:40:09,13
2015-01-13 10:40:10,22
2015-01-13 10:40:11,12
2015-01-13 10:40:12,17
2015-01-13 10:40:13,16
2015-01-13 10:40:14,18
2015-01-13 10:40:15,19
2015-01-13 10:40:16,21
2015-01-13 10:40:17,23
2015-01-13 10:40:18,24
2015-01-13 10:40:19,22
2015-01-13 10:40:20,23
2015-01-13 10:40:21,21
2015-01-13 10:40:22,18
2015-01-13 10:40:23,17
2015-01-13 10:40:24,17
2015-01-13 10:40:25,16
2015-01-13 10:40:26,19
2015-01-13 10:40:27,13
2015-01-13 10:40:28,20
2015-01-13 10:40:29,18
2015-01-13 10:40:30,22
2015-01-13 10:40:31,16
2015-01-13 10:40:32,20
2015-01-13 10:40:33,15
2015-01-13 10:40:34,18
2015-01-13 10:40:35,17
2015-01-13 10:40:36,13
2015-01-13 10:40:37,14
2015-01-13 10:40:38,24
2015-01-13 10:40:39,20
2015-01-13 10:40:40,16
2015-01-13 10:40:41,15
2015-01-13 10:40:42,19
2015-01-13 10:40:43,17
2015-01-13 10:40:44,13
2015-01-13 10:40:45,17
2015-01-13 10:40:46,22
2015-01-13 10:40:47,15
2015-01-13 10:40:48,19
2015-01-13 10:40:49,21
2015-01-13 10:40:50,19
2015-01-13 10:40:51,15
2015-01-13 10:40:52,12
2015-01-13 10:40:53,20
2015-01-13 10:40:54,21
2015-01-13 10:40:55,19
2015-01-13 10:40:56,22
2015-01-13 10:40:57,17
2015-01-13 10:40:58,22
2015-01-13 10:40:59,14
2015-01-13 10:41:00,14
2015-01-13 10:41:01,14
2015-01-13 10:41:02,20
2015-01-13 10:41:03,13
2015-01-13 10:41:04,24
2015-01-13 10:41:05,21
2015-01-13 10:41:06,20
2015-01-13 10:41:07,24
2015-01-13 10:41:08,20
2015-01-13 10:41:09,21
2015-01-13 10:41:10,13
2015-01-13 10:41:11,20
2015-01-13 10:41:12,15
2015-01-13 10:41:13,14
2015-01-13 10:41:14,15
2015-01-13 10:41:15,22
2015-01-13 10:41:16,23
2015-01-13 10:41:17,15
2015-01-13 10:41:18,17
2015-01-13 10:41:19,22
2015-01-13 10:41:20,17
2015-01-13 10:41:21,22
2015-01-13 10:41:22,12
2015-01-13 10:41:23,24
2015-01-13 10:41:24,16
2015-01-13 10:41:25,19
2015-01-13 10:41:26,21
2015-01-13 10:41:27,12
2015-01-13 10:41:28,23
2015-01-13 10:41:29,22
2015-01-13 10:41:30,16
2015-01-13 10:41:31,13
2015-01-13 10:41:32,21
2015-01-13 10:41:33,13
2015-01-13 10:41:34,12
2015-01-13 10:41:35,16
2015-01-13 10:41:36,16
2015-01-13 10:41:37,22
2015-01-13 10:41:38,13
2015-01-13 10:41:39,15
2015-01-13 10:41:40,23
2015-01-13 10:41:41,13
2015-01-13 10:41:42,15
2015-01-13 10:41:43,15
2015-01-13 10:41:44,22
2015-01-13 10:41:45,13
2015-01-13 10:41:46,19
2015-01-13 10:41:47,19
2015-01-13 10:41:48,21
2015-01-13 10:41:49,13
2015-01-13 10:41:50,23
2015-01-13 10:41:51,12
2015-01-13 10:41:52,17
2015-01-13 10:41:53,20
2015-01-13 10:41:54,13
2015-01-13 10:41:55,15
2015-01-13 10:41:56,16
2015-01-13 10:41:57,19
2015-01-13 10:41:58,24
2015-01-13 10:41:59,17
2015-01-13 10:42:00,21
2015-01-13 10:42:01,22
2015-01-13 10:42:02,15
2015-01-13 10:42:03,18
2015-01-13 10:42:04,21
2015-01-13 10:42:05,16
2015-01-13 10:42:06,14
2015-01-13 10:42:07,16
2015-01-13 10:42:08,17
2015-01-13 10:42:09,13
2015-01-13 10:42:10,19
2015-01-13 10:42:11,23
2015-01-13 10:42:12,18
2015-01-13 10:42:13,21
2015-01-13 10:42:14,24
2015-01-13 10:42:15,12
2015-01-13 10:42:16,12
2015-01-13 10:42:17,16
2015-01-13 10:42:18,21
2015-01-13 10:42:19,12
2015-01-13 10:42:20,13
2015-01-13 10:42:21,13
2015-01-13 10:42:22,13
2015-01-13 10:42:23,14
2015-01-13 10:42:24,21
2015-01-13 10:42:25,24
2015-01-13 10:42:26,22
2015-01-13 10:42:27,21
2015-01-13 10:42:28,24
2015-01-13 10:42:29,15
2015-01-13 10:42:30,20
2015-01-13 10:42:31,24
2015-01-13 10:42:32,12
2015-01-13 10:42:33,16
2015-01-13 10:42:34,21
2015-01-13 10:42:35,24
2015-01-13 10:42:36,13
2015-01-13 10:42:37,14
2015-01-13 10:42:38,13
2015-01-13 10:42:39,16
2015-01-13 10:42:40,19
2015-01-13 10:42:41,15
2015-01-13 10:42:42,16
2015-01-13 10:42:43,13
2015-01-13 10:42:44,18
2015-01-13 10:42:45,19
2015-01-13 10:42:46,23
2015-01-13 10:42:47,19
2015-01-13 10:42:48,14
2015-01-13 10:42:49,18
2015-01-13 10:42:50,20
2015-01-13 10:42:51,23
2015-01-13 10:42:52,24
2015-01-13 10:42:53,14
2015-01-13 10:42:54,16
2015-01-13 10:42:55,19
2015-01-13 10:42:56,18
2015-01-13 10:42:57,20
2015-01-13 10:42:58,23
2015-01-13 10:42:59,24
2015-01-13 10:43:00,12
2015-01-13 10:43:01,17
2015-01-13 10:43:02,22
2015-01-13 10:43:03,15
2015-01-13 10:43:04,22
2015-01-13 10:43:05,14
2015-01-13 10:43:06,23
2015-01-13 10:43:07,22
2015-01-13 10:43:08,23
2015-01-13 10:43:09,16
2015-01-13 10:43:10,19
2015-01-13 10:43:11,24
2015-01-13 10:43:12,21
2015-01-13 10:43:13,20
2015-01-13 10:43:14,14
2015-01-13 10:43:15,17
2015-01-13 10:43:16,24
2015-01-13 10:43:17,20
2015-01-13 10:43:18,19
2015-01-13 10:43:19,14
2015-01-13 10:43:20,19
2015-01-13 10:43:21,15
2015-01-13 10:43:22,14
2015-01-13 10:43:23,23
2015-01-13 10:43:24,12
2015-01-13 10:43:25,24
2015-01-13 10:43:26,19
2015-01-13 10:43:27,22
2015-01-13 10:43:28,16
2015-01-13 10:43:29,15
2015-01-13 10:43:30,23
2015-01-13 10:43:31,20
2015-01-13 10:43:32,19
2015-01-13 10:43:33,17
2015-01-13 10:43:34,16
2015-01-13 10:43:35,15
2015-01-13 10:43:36,20
2015-01-13 10:43:37,17
2015-01-13 10:43:38,24
2015-01-13 10:43:39,16
2015-01-13 10:43:40,24
2015-01-13 10:43:41,21
2015-01-13 10:43:42,22
2015-01-13 10:43:43,19
2015-01-13 10:43:44,22
2015-01-13 10:43:45,20
2015-01-13 10:43:46,16
2015-01-13 10:43:47,23
2015-01-13 10:43:48,12
2015-01-13 10:43:49,12
2015-01-13 10:43:50,23
2015-01-13 10:43:51,22
2015-01-13 10:43:52,22
2015-01-13 10:43:53,18
2015-01-13 10:43:54,22
2015-01-13 10:43:55,14
2015-01-13 10:43:56,14
2015-01-13 10:43:57,14
2015-01-13 10:43:58,12
2015-01-13 10:43:59,13
2015-01-13 10:44:00,14
2015-01-13 10:44:01,24
2015-01-13 10:44:02,23
2015-01-13 10:44:03,20
2015-01-13 10:44:04,15
2015-01-13 10:44:05,22
2015-01-13 10:44:06,19
2015-01-13 10:44:07,21
2015-01-13 10:44:08,14
2015-01-13 10:44:09,15
2015-01-13 10:44:10,13
2015-01-13 10:44:11,19
2015-01-13 10:44:12,20
2015-01-13 10:44:13,20
2015-01-13 10:44:14,17
2015-01-13 10:44:15,16
2015-01-13 10:44:16,24
2015-01-13 10:44:17,14
2015-01-13 10:44:18,22
2015-01-13 10:44:19,13
2015-01-13 10:44:20,21
2015-01-13 10:44:21,23
2015-01-13 10:44:22,15
2015-01-13 10:44:23,12
2015-01-13 10:44:24,20
2015-01-13 10:44:25,16
2015-01-13 10:44:26,18
2015-01-13 10:44:27,12
2015-01-13 10:44:28,13
2015-01-13 10:44:29,19
2015-01-13 10:44:30,24
2015-01-13 10:44:31,16
2015-01-13 10:44:32,20
2015-01-13 10:44:33,23
2015-01-13 10:44:34,14
2015-01-13 10:44:35,16
2015-01-13 10:44:36,21
2015-01-13 10:44:37,13
2015-01-13 10:44:38,22
2015-01-13 10:44:39,15
2015-01-13 10:44:40,20
2015-01-13 10:44:41,12
2015-01-13 10:44:42,21
2015-01-13 10:44:43,12
2015-01-13 10:44:44,18
2015-01-13 10:44:45,12
2015-01-13 10:44:46,20
2015-01-13 10:44:47,16
2015-01-13 10:44:48,17
2015-01-13 10:44:49,16
2015-01-13 10:44:50,14
2015-01-13 10:44:51,16
2015-01-13 10:44:52,17
2015-01-13 10:44:53,12
2015-01-13 10:44:54,19
2015-01-13 10:44:55,16
2015-01-13 10:44:56,14
2015-01-13 10:44:57,21
2015-01-13 10:44:58,14
2015-01-13 10:44:59,15
2015-01-13 10:45:00,19
2015-01-13 10:45:01,14
2015-01-13 10:45:02,16
2015-01-13 10:45:03,22
2015-01-13 10:45:04,16
2015-01-13 10:45:05,12
2015-01-13 10:45:06,12
2015-01-13 10:45:07,15
2015-01-13 10:45:08,16
2015-01-13 10:45:09,22
2015-01-13 10:45:10,21
2015-01-13 10:45:11,12
2015-01-13 10:45:12,12
2015-01-13 10:45:13,21
2015-01-13 10:45:14,24
2015-01-13 10:45:15,18
2015-01-13 10:45:16,15
2015-01-13 10:45:17,12
2015-01-13 10:45:18,13
2015-01-13 10:45:19,23
2015-01-13 10:45:20,12
2015-01-13 10:45:21,24
2015-01-13 10:45:22,21
2015-01-13 10:45:23,20
2015-01-13 10:45:24,15
2015-01-13 10:45:25,14
2015-01-13 10:45:26,23
2015-01-13 10:45:27,12
2015-01-13 10:45:28,18
2015-01-13 10:45:29,14
2015-01-13 10:45:30,18
2015-01-13 10:45:31,12
2015-01-13 10:45:32,12
2015-01-13 10:45:33,24
2015-01-13 10:45:34,19
2015-01-13 10:45:35,16
2015-01-13 10:45:36,13
2015-01-13 10:45:37,17
2015-01-13 10:45:38,13
2015-01-13 10:45:39,14
2015-01-13 10:45:40,15
2015-01-13 10:45:41,12
2015-01-13 10:45:42,20
2015-01-13 10:45:43,23
2015-01-13 10:45:44,17
2015-01-13 10:45:45,21
2015-01-13 10:45:46,12
2015-01-13 10:45:47,13
2015-01-13 10:45:48,12
2015-01-13 10:45:49,16
2015-01-13 10:45:50,24
2015-01-13 10:45:51,23
2015-01-13 10:45:52,20
2015-01-13 10:45:53,17
2015-01-13 10:45:54,20
2015-01-13 10:45:55,20
2015-01-13 10:45:56,17
2015-01-13 10:45:57,14
2015-01-13 10:45:58,13
2015-01-13 10:45:59,22
2015-01-13 10:46:00,18
2015-01-13 10:46:01,19
2015-01-13 10:46:02,17
2015-01-13 10:46:03,20
2015-01-13 10:46:04,16
2015-01-13 10:46:05,22
2015-01-13 10:46:06,21
2015-01-13 10:46:07,22
2015-01-13 10:46:08,18
2015-01-13 10:46:09,24
2015-01-13 10:46:10,14
2015-01-13 10:46:11,15
2015-01-13 10:46:12,18
2015-01-13 10:46:13,18
2015-01-13 10:46:14,14
2015-01-13 10:46:15,18
2015-01-13 10:46:16,24
2015-01-13 10:46:17,18
2015-01-13 10:46:18,24
2015-01-13 10:46:19,20
2015-01-13 10:46:20,14
2015-01-13 10:46:21,24
2015-01-13 10:46:22,13
2015-01-13 10:46:23,18
2015-01-13 10:46:24,17
2015-01-13 10:46:25,14
2015-01-13 10:46:26,17
2015-01-13 10:46:27,16
2015-01-13 10:46:28,13
2015-01-13 10:46:29,15
2015-01-13 10:46:30,20
2015-01-13 10:46:31,18
2015-01-13 10:46:32,15
2015-01-13 10:46:33,16
2015-01-13 10:46:34,18
2015-01-13 10:46:35,18
2015-01-13 10:46:36,20
2015-01-13 10:46:37,12
2015-01-13 10:46:38,17
2015-01-13 10:46:39,19
2015-01-13 10:46:40,23
2015-01-13 10:46:41,12
2015-01-13 10:46:42,22
2015-01-13 10:46:43,16
2015-01-13 10:46:44,15
2015-01-13 10:46:45,22
2015-01-13 10:46:46,20
2015-01-13 10:46:47,19
2015-01-13 10:46:48,19
2015-01-13 10:46:49,22
2015-01-13 10:46:50,22
2015-01-13 10:46:51,24
2015-01-13 10:46:52,12
2015-01-13 10:46:53,23
2015-01-13 10:46:54,13
2015-01-13 10:46:55,19
2015-01-13 10:46:56,12
2015-01-13 10:46:57,23
2015-01-13 10:46:58,12
2015-01-13 10:46:59,21
2015-01-13 10:47:00,17
2015-01-13 10:47:01,13
2015-01-13 10:47:02,16
2015-01-13 10:47:03,18
2015-01-13 10:47:04,22
2015-01-13 10:47:05,22
2015-01-13 10:47:06,13
2015-01-13 10:47:07,20
2015-01-13 10:47:08,21
2015-01-13 10:47:09,18
2015-01-13 10:47:10,19
2015-01-13 10:47:11,18
2015-01-13 10:47:12,16
2015-01-13 10:47:13,21
2015-01-13 10:47:14,13
2015-01-13 10:47:15,22
2015-01-13 10:47:16,18
2015-01-13 10:47:17,19
2015-01-13 10:47:18,19
2015-01-13 10:47:19,13
2015-01-13 10:47:20,21
2015-01-13 10:47:21,19
2015-01-13 10:47:22,13
2015-01-13 10:47:23,20
2015-01-13 10:47:24,13
2015-01-13 10:47:25,13
2015-01-13 10:47:26,15
2015-01-13 10:47:27,19
2015-01-13 10:47:28,19
2015-01-13 10:47:29,23
2015-01-13 10:47:30,13
2015-01-13 10:47:31,22
2015-01-13 10:47:32,12
2015-01-13 10:47:33,13
2015-01-13 10:47:34,19
2015-01-13 10:47:35,19
2015-01-13 10:47:36,21
2015-01-13 10:47:37,16
2015-01-13 10:47:38,18
2015-01-13 10:47:39,20
2015-01-13 10:47:40,24
2015-01-13 10:47:41,14
2015-01-13 10:47:42,13
2015-01-13 10:47:43,12
2015-01-13 10:47:44,23
2015-01-13 10:47:45,15
2015-01-13 10:47:46,20
2015-01-13 10:47:47,12
2015-01-13 10:47:48,21
2015-01-13 10:47:49,23
2015-01-13 10:47:50,12
2015-01-13 10:47:51,12
2015-01-13 10:47:52,22
2015-01-13 10:47:53,19
2015-01-13 10:47:54,18
2015-01-13 10:47:55,13
2015-01-13 10:47:56,24
2015-01-13 10:47:57,15
2015-01-13 10:47:58,12
2015-01-13 10:47:59,14
2015-01-13 10:48:00,19
2015-01-13 10:48:01,19
2015-01-13 10:48:02,19
2015-01-13 10:48:03,23
2015-01-13 10:48:04,18
2015-01-13 10:48:05,12
2015-01-13 10:48:06,18
2015-01-13 10:48:07,19
2015-01-13 10:48:08,19
2015-01-13 10:48:09,19
2015-01-13 10:48:10,15
2015-01-13 10:48:11,22
2015-01-13 10:48:12,17
2015-01-13 10:48:13,18
2015-01-13 10:48:14,22
2015-01-13 10:48:15,14
2015-01-13 10:48:16,18
2015-01-13 10:48:17,23
2015-01-13 10:48:18,15
2015-01-13 10:48:19,24
2015-01-13 10:48:20,22
2015-01-13 10:48:21,13
2015-01-13 10:48:22,21
2015-01-13 10:48:23,19
2015-01-13 10:48:24,21
2015-01-13 10:48:25,24
2015-01-13 10:48:26,12
2015-01-13 10:48:27,22
2015-01-13 10:48:28,24
2015-01-13 10:48:29,22
2015-01-13 10:48:30,20
2015-01-13 10:48:31,16
2015-01-13 10:48:32,22
2015-01-13 10:48:33,21
2015-01-13 10:48:34,14
2015-01-13 10:48:35,24
2015-01-13 10:48:36,23
2015-01-13 10:48:37,23
2015-01-13 10:48:38,15
2015-01-13 10:48:39,16
2015-01-13 10:48:40,14
2015-01-13 10:48:41,18
2015-01-13 10:48:42,20
2015-01-13 10:48:43,15
2015-01-13 10:48:44,18
2015-01-13 10:48:45,17
2015-01-13 10:48:46,21
2015-01-13 10:48:47,14
2015-01-13 10:48:48,15
2015-01-13 10:48:49,24
2015-01-13 10:48:50,16
2015-01-13 10:48:51,24
2015-01-13 10:48:52,13
2015-01-13 10:48:53,13
2015-01-13 10:48:54,15
2015-01-13 10:48:55,13
2015-01-13 10:48:56,18
2015-01-13 10:48:57,17
2015-01-13 10:48:58,23
2015-01-13 10:48:59,12
2015-01-13 10:49:00,18
2015-01-13 10:49:01,15
2015-01-13 10:49:02,19
2015-01-13 10:49:03,12
2015-01-13 10:49:04,22
2015-01-13 10:49:05,14
2015-01-13 10:49:06,13
2015-01-13 10:49:07,22
2015-01-13 10:49:08,16
2015-01-13 10:49:09,24
2015-01-13 10:49:10,17
2015-01-13 10:49:11,12
2015-01-13 10:49:12,19
2015-01-13 10:49:13,24
2015-01-13 10:49:14,22
2015-01-13 10:49:15,19
2015-01-13 10:49:16,20
2015-01-13 10:49:17,23
2015-01-13 10:49:18,21
2015-01-13 10:49:19,23
2015-01-13 10:49:20,23
2015-01-13 10:49:21,21
2015-01-13 10:49:22,21
2015-01-13 10:49:23,23
2015-01-13 10:49:24,13
2015-01-13 10:49:25,16
2015-01-13 10:49:26,13
2015-01-13 10:49:27,16
2015-01-13 10:49:28,20
2015-01-13 10:49:29,24
2015-01-13 10:49:30,12
2015-01-13 10:49:31,21
2015-01-13 10:49:32,17
2015-01-13 10:49:33,16
2015-01-13 10:49:34,21
2015-01-13 10:49:35,12
2015-01-13 10:49:36,23
2015-01-13 10:49:37,18
2015-01-13 10:49:38,21
2015-01-13 10:49:39,20
2015-01-13 10:49:40,23
2015-01-13 10:49:41,16
2015-01-13 10:49:42,24
2015-01-13 10:49:43,23
2015-01-13 10:49:44,23
2015-01-13 10:49:45,15
2015-01-13 10:49:46,14
2015-01-13 10:49:47,24
2015-01-13 10:49:48,22
2015-01-13 10:49:49,16
2015-01-13 10:49:50,16
2015-01-13 10:49:51,18
2015-01-13 10:49:52,22
2015-01-13 10:49:53,21
2015-01-13 10:49:54,23
2015-01-13 10:49:55,16
2015-01-13 10:49:56,17
2015-01-13 10:49:57,22
2015-01-13 10:49:58,24
2015-01-13 10:49:59,21
2015-01-13 10:50:00,23
2015-01-13 10:50:01,14
2015-01-13 10:50:02,19
2015-01-13 10:50:03,16
2015-01-13 10:50:04,24
2015-01-13 10:50:05,21
2015-01-13 10:50:06,24
2015-01-13 10:50:07,24
2015-01-13 10:50:08,17
2015-01-13 10:50:09,13
2015-01-13 10:50:10,24
2015-01-13 10:50:11,16
2015-01-13 10:50:12,20
2015-01-13 10:50:13,12
2015-01-13 10:50:14,12
2015-01-13 10:50:15,16
2015-01-13 10:50:16,17
2015-01-13 10:50:17,17
2015-01-13 10:50:18,13
2015-01-13 10:50:19,20
2015-01-13 10:50:20,20
2015-01-13 10:50:21,19
2015-01-13 10:50:22,23
2015-01-13 10:50:23,20
2015-01-13 10:50:24,17
2015-01-13 10:50:25,16
2015-01-13 10:50:26,13
2015-01-13 10:50:27,20
2015-01-13 10:50:28,20
2015-01-13 10:50:29,24
2015-01-13 10:50:30,14
2015-01-13 10:50:31,21
2015-01-13 10:50:32,12
2015-01-13 10:50:33,19
2015-01-13 10:50:34,21
2015-01-13 10:50:35,23
2015-01-13 10:50:36,15
2015-01-13 10:50:37,21
2015-01-13 10:50:38,20
2015-01-13 10:50:39,21
2015-01-13 10:50:40,22
2015-01-13 10:50:41,23
2015-01-13 10:50:42,21
2015-01-13 10:50:43,18
2015-01-13 10:50:44,22
2015-01-13 10:50:45,15
2015-01-13 10:50:46,24
2015-01-13 10:50:47,17
2015-01-13 10:50:48,24
2015-01-13 10:50:49,24
2015-01-13 10:50:50,17
2015-01-13 10:50:51,20
2015-01-13 10:50:52,15
2015-01-13 10:50:53,18
2015-01-13 10:50:54,14
2015-01-13 10:50:55,18
2015-01-13 10:50:56,23
2015-01-13 10:50:57,17
2015-01-13 10:50:58,12
2015-01-13 10:50:59,20
2015-01-13 10:51:00,20
2015-01-13 10:51:01,18
2015-01-13 10:51:02,22
2015-01-13 10:51:03,21
2015-01-13 10:51:04,16
2015-01-13 10:51:05,16
2015-01-13 10:51:06,13
2015-01-13 10:51:07,15
2015-01-13 10:51:08,22
2015-01-13 10:51:09,13
2015-01-13 10:51:10,22
2015-01-13 10:51:11,21
2015-01-13 10:51:12,18
2015-01-13 10:51:13,12
2015-01-13 10:51:14,17
2015-01-13 10:51:15,20
2015-01-13 10:51:16,15
2015-01-13 10:51:17,13
2015-01-13 10:51:18,12
2015-01-13 10:51:19,23
2015-01-13 10:51:20,16
2015-01-13 10:51:21,16
2015-01-13 10:51:22,14
2015-01-13 10:51:23,16
2015-01-13 10:51:24,21
2015-01-13 10:51:25,18
2015-01-13 10:51:26,16
2015-01-13 10:51:27,18
2015-01-13 10:51:28,24
2015-01-13 10:51:29,17
2015-01-13 10:51:30,14
2015-01-13 10:51:31,20
2015-01-13 10:51:32,23
2015-01-13 10:51:33,23
2015-01-13 10:51:34,17
2015-01-13 10:51:35,20
2015-01-13 10:51:36,19
2015-01-13 10:51:37,16
2015-01-13 10:51:38,12
2015-01-13 10:51:39,15
2015-01-13 10:51:40,21
2015-01-13 10:51:41,21
2015-01-13 10:51:42,16
2015-01-13 10:51:43,16
2015-01-13 10:51:44,23
2015-01-13 10:51:45,12
2015-01-13 10:51:46,15
2015-01-13 10:51:47,12
2015-01-13 10:51:48,24
2015-01-13 10:51:49,15
2015-01-13 10:51:50,19
2015-01-13 10:51:51,24
2015-01-13 10:51:52,12
2015-01-13 10:51:53,13
2015-01-13 10:51:54,17
2015-01-13 10:51:55,24
2015-01-13 10:51:56,16
2015-01-13 10:51:57,15
2015-01-13 10:51:58,15
2015-01-13 10:51:59,14
2015-01-13 10:52:00,16
2015-01-13 10:52:01,14
2015-01-13 10:52:02,21
2015-01-13 10:52:03,23
2015-01-13 10:52:04,19
2015-01-13 10:52:05,12
2015-01-13 10:52:06,23
2015-01-13 10:52:07,13
2015-01-13 10:52:08,16
2015-01-13 10:52:09,22
2015-01-13 10:52:10,18
2015-01-13 10:52:11,15
2015-01-13 10:52:12,20
2015-01-13 10:52:13,18
2015-01-13 10:52:14,16
2015-01-13 10:52:15,24
2015-01-13 10:52:16,19
2015-01-13 10:52:17,20
2015-01-13 10:52:18,17
2015-01-13 10:52:19,17
2015-01-13 10:52:20,16
2015-01-13 10:52:21,19
2015-01-13 10:52:22,19
2015-01-13 10:52:23,13
2015-01-13 10:52:25,17
2015-01-13 10:52:26,17
2015-01-13 10:52:27,19
2015-01-13 10:52:28,12
2015-01-13 10:52:29,19
2015-01-13 10:52:30,19
2015-01-13 10:52:31,14
2015-01-13 10:52:32,24
2015-01-13 10:52:33,13
2015-01-13 10:52:34,14
2015-01-13 10:52:35,15
2015-01-13 10:52:36,22
2015-01-13 10:52:37,22
2015-01-13 10:52:38,14
2015-01-13 10:52:39,15
2015-01-13 10:52:40,22
2015-01-13 10:52:41,23
2015-01-13 10:52:42,12
2015-01-13 10:52:43,12
2015-01-13 10:52:44,21
2015-01-13 10:52:45,18
2015-01-13 10:52:46,15
2015-01-13 10:52:47,17
2015-01-13 10:52:48,18
2015-01-13 10:52:49,22
2015-01-13 10:52:50,13
2015-01-13 10:52:51,18
2015-01-13 10:52:52,16
2015-01-13 10:52:53,19
2015-01-13 10:52:54,21
2015-01-13 10:52:55,12
2015-01-13 10:52:56,20
2015-01-13 10:52:57,14
2015-01-13 10:52:58,24
2015-01-13 10:52:59,20
2015-01-13 10:53:00,12
2015-01-13 10:53:01,18
2015-01-13 10:53:02,16
2015-01-13 10:53:03,18
2015-01-13 10:53:04,13
2015-01-13 10:53:05,17
2015-01-13 10:53:06,12
2015-01-13 10:53:07,13
2015-01-13 10:53:08,14
2015-01-13 10:53:09,16
2015-01-13 10:53:10,18
2015-01-13 10:53:11,22
2015-01-13 10:53:12,15
2015-01-13 10:53:13,14
2015-01-13 10:53:14,16
2015-01-13 10:53:15,20
2015-01-13 10:53:16,12
2015-01-13 10:53:17,16
2015-01-13 10:53:18,23
2015-01-13 10:53:19,16
2015-01-13 10:53:20,19
2015-01-13 10:53:21,14
2015-01-13 10:53:22,14
2015-01-13 10:53:23,12
2015-01-13 10:53:24,17
2015-01-13 10:53:25,21
2015-01-13 10:53:26,17
2015-01-13 10:53:27,23
2015-01-13 10:53:28,14
2015-01-13 10:53:29,17
2015-01-13 10:53:30,17
2015-01-13 10:53:31,15
2015-01-13 10:53:32,20
2015-01-13 10:53:33,13
2015-01-13 10:53:34,13
2015-01-13 10:53:35,14
2015-01-13 10:53:36,14
2015-01-13 10:53:37,12
2015-01-13 10:53:38,18
2015-01-13 10:53:39,19
2015-01-13 10:53:40,17
2015-01-13 10:53:41,21
2015-01-13 10:53:42,13
2015-01-13 10:53:43,17
2015-01-13 10:53:44,12
2015-01-13 10:53:45,19
2015-01-13 10:53:46,24
2015-01-13 10:53:47,17
2015-01-13 10:53:48,23
2015-01-13 10:53:49,12
2015-01-13 10:53:50,15
2015-01-13 10:53:51,22
2015-01-13 10:53:52,16
2015-01-13 10:53:53,23
2015-01-13 10:53:54,17
2015-01-13 10:53:55,24
2015-01-13 10:53:56,19
2015-01-13 10:53:57,19
2015-01-13 10:53:58,13
2015-01-13 10:53:59,20
2015-01-13 10:54:00,23
2015-01-13 10:54:01,20
2015-01-13 10:54:02,19
2015-01-13 10:54:03,24
2015-01-13 10:54:04,23
2015-01-13 10:54:05,17
2015-01-13 10:54:06,13
2015-01-13 10:54:07,21
2015-01-13 10:54:08,18
2015-01-13 10:54:09,23
2015-01-13 10:54:10,13
2015-01-13 10:54:11,12
2015-01-13 10:54:12,12
2015-01-13 10:54:13,19
2015-01-13 10:54:14,18
2015-01-13 10:54:15,13
2015-01-13 10:54:16,21
2015-01-13 10:54:17,22
2015-01-13 10:54:18,23
2015-01-13 10:54:19,20
2015-01-13 10:54:20,20
2015-01-13 10:54:21,20
2015-01-13 10:54:22,17
2015-01-13 10:54:23,17
2015-01-13 10:54:24,23
2015-01-13 10:54:25,14
2015-01-13 10:54:26,14
2015-01-13 10:54:27,22
2015-01-13 10:54:28,21
2015-01-13 10:54:29,16
2015-01-13 10:54:30,21
2015-01-13 10:54:31,14
2015-01-13 10:54:32,23
2015-01-13 10:54:33,19
2015-01-13 10:54:34,17
2015-01-13 10:54:35,15
2015-01-13 10:54:36,24
2015-01-13 10:54:37,12
2015-01-13 10:54:38,15
2015-01-13 10:54:39,14
2015-01-13 10:54:40,12
2015-01-13 10:54:41,18
2015-01-13 10:54:42,12
2015-01-13 10:54:43,16
2015-01-13 10:54:44,17
2015-01-13 10:54:45,16
2015-01-13 10:54:46,14
2015-01-13 10:54:47,16
2015-01-13 10:54:48,19
2015-01-13 10:54:49,20
2015-01-13 10:54:50,24
2015-01-13 10:54:51,24
2015-01-13 10:54:52,24
2015-01-13 10:54:53,16
2015-01-13 10:54:54,15
2015-01-13 10:54:55,22
2015-01-13 10:54:56,18
2015-01-13 10:54:57,23
2015-01-13 10:54:58,13
2015-01-13 10:54:59,16
2015-01-13 10:55:00,13
2015-01-13 10:55:01,15
2015-01-13 10:55:02,24
2015-01-13 10:55:03,24
2015-01-13 10:55:04,24
2015-01-13 10:55:05,16
2015-01-13 10:55:06,21
2015-01-13 10:55:07,19
2015-01-13 10:55:08,18
2015-01-13 10:55:09,21
2015-01-13 10:55:10,22
2015-01-13 10:55:11,16
2015-01-13 10:55:12,17
2015-01-13 10:55:13,16
2015-01-13 10:55:14,13
2015-01-13 10:55:15,22
2015-01-13 10:55:16,15
2015-01-13 10:55:17,16
2015-01-13 10:55:18,13
2015-01-13 10:55:19,22
2015-01-13 10:55:20,14
2015-01-13 10:55:21,23
2015-01-13 10:55:22,17
2015-01-13 10:55:23,16
2015-01-13 10:55:24,18
2015-01-13 10:55:25,16
2015-01-13 10:55:26,13
2015-01-13 10:55:27,22
2015-01-13 10:55:28,20
2015-01-13 10:55:29,14
2015-01-13 10:55:30,21
2015-01-13 10:55:31,23
2015-01-13 10:55:32,20
2015-01-13 10:55:33,21
2015-01-13 10:55:34,17
2015-01-13 10:55:35,22
2015-01-13 10:55:36,15
2015-01-13 10:55:37,13
2015-01-13 10:55:38,20
2015-01-13 10:55:39,12
2015-01-13 10:55:40,19
2015-01-13 10:55:41,23
2015-01-13 10:55:42,13
2015-01-13 10:55:43,15
2015-01-13 10:55:44,13
2015-01-13 10:55:45,16
2015-01-13 10:55:46,18
2015-01-13 10:55:47,19
2015-01-13 10:55:48,15
2015-01-13 10:55:49,19
2015-01-13 10:55:50,15
2015-01-13 10:55:51,20
2015-01-13 10:55:52,13
2015-01-13 10:55:53,20
2015-01-13 10:55:54,23
2015-01-13 10:55:55,18
2015-01-13 10:55:56,20
2015-01-13 10:55:57,22
2015-01-13 10:55:58,14
2015-01-13 10:55:59,14
2015-01-13 10:56:00,19
2015-01-13 10:56:01,12
2015-01-13 10:56:02,24
2015-01-13 10:56:03,21
2015-01-13 10:56:04,17
2015-01-13 10:56:05,15
2015-01-13 10:56:06,16
2015-01-13 10:56:07,17
2015-01-13 10:56:08,18
2015-01-13 10:56:09,21
2015-01-13 10:56:10,14
2015-01-13 10:56:11,13
2015-01-13 10:56:12,15
2015-01-13 10:56:13,19
2015-01-13 10:56:14,13
2015-01-13 10:56:15,15
2015-01-13 10:56:16,15
2015-01-13 10:56:17,12
2015-01-13 10:56:18,20
2015-01-13 10:56:19,24
2015-01-13 10:56:20,17
2015-01-13 10:56:21,14
2015-01-13 10:56:22,21
2015-01-13 10:56:23,24
2015-01-13 10:56:24,12
2015-01-13 10:56:25,22
2015-01-13 10:56:26,19
2015-01-13 10:56:27,13
2015-01-13 10:56:28,12
2015-01-13 10:56:29,16
2015-01-13 10:56:30,21
2015-01-13 10:56:31,12
2015-01-13 10:56:32,24
2015-01-13 10:56:33,17
2015-01-13 10:56:34,15
2015-01-13 10:56:35,13
2015-01-13 10:56:36,19
2015-01-13 10:56:37,19
2015-01-13 10:56:38,22
2015-01-13 10:56:39,14
2015-01-13 10:56:40,20
2015-01-13 10:56:41,18
2015-01-13 10:56:42,19
2015-01-13 10:56:43,17
2015-01-13 10:56:44,13
2015-01-13 10:56:45,20
2015-01-13 10:56:46,19
2015-01-13 10:56:47,13
2015-01-13 10:56:48,15
2015-01-13 10:56:49,23
2015-01-13 10:56:50,14
2015-01-13 10:56:51,19
2015-01-13 10:56:52,17
2015-01-13 10:56:53,19
2015-01-13 10:56:54,13
2015-01-13 10:56:55,16
2015-01-13 10:56:56,22
2015-01-13 10:56:57,21
2015-01-13 10:56:58,12
2015-01-13 10:56:59,21
2015-01-13 10:57:00,16
2015-01-13 10:57:01,14
2015-01-13 10:57:02,18
2015-01-13 10:57:03,18
2015-01-13 10:57:04,19
2015-01-13 10:57:05,13
2015-01-13 10:57:06,23
2015-01-13 10:57:07,24
2015-01-13 10:57:08,13
2015-01-13 10:57:09,12
2015-01-13 10:57:10,13
2015-01-13 10:57:11,20
2015-01-13 10:57:12,16
2015-01-13 10:57:13,22
2015-01-13 10:57:14,21
2015-01-13 10:57:15,15
2015-01-13 10:57:16,15
2015-01-13 10:57:17,19
2015-01-13 10:57:18,19
2015-01-13 10:57:19,24
2015-01-13 10:57:20,14
2015-01-13 10:57:21,22
2015-01-13 10:57:22,24
2015-01-13 10:57:23,21
2015-01-13 10:57:24,19
2015-01-13 10:57:25,20
2015-01-13 10:57:26,16
2015-01-13 10:57:27,12
2015-01-13 10:57:28,18
2015-01-13 10:57:29,19
2015-01-13 10:57:30,15
2015-01-13 10:57:31,20
2015-01-13 10:57:32,14
2015-01-13 10:57:33,14
2015-01-13 10:57:34,19
2015-01-13 10:57:35,23
2015-01-13 10:57:36,13
2015-01-13 10:57:37,16
2015-01-13 10:57:38,22
2015-01-13 10:57:39,23
2015-01-13 10:57:40,22
2015-01-13 10:57:41,16
2015-01-13 10:57:42,24
2015-01-13 10:57:43,13
2015-01-13 10:57:44,15
2015-01-13 10:57:45,15
2015-01-13 10:57:46,18
2015-01-13 10:57:47,14
2015-01-13 10:57:48,19
2015-01-13 10:57:49,17
2015-01-13 10:57:50,24
2015-01-13 10:57:51,17
2015-01-13 10:57:52,20
2015-01-13 10:57:53,19
2015-01-13 10:57:54,18
2015-01-13 10:57:55,12
2015-01-13 10:57:56,24
2015-01-13 10:57:57,15
2015-01-13 10:57:58,13
2015-01-13 10:57:59,12
2015-01-13 10:58:00,21
2015-01-13 10:58:01,24
2015-01-13 10:58:02,21
2015-01-13 10:58:03,12
2015-01-13 10:58:04,12
2015-01-13 10:58:05,14
2015-01-13 10:58:06,19
2015-01-13 10:58:07,15
2015-01-13 10:58:08,16
2015-01-13 10:58:09,20
2015-01-13 10:58:10,20
2015-01-13 10:58:11,21
2015-01-13 10:58:12,18
2015-01-13 10:58:13,24
2015-01-13 10:58:14,20
2015-01-13 10:58:15,13
2015-01-13 10:58:16,16
2015-01-13 10:58:17,16
2015-01-13 10:58:18,17
2015-01-13 10:58:19,19
2015-01-13 10:58:20,22
2015-01-13 10:58:21,19
2015-01-13 10:58:22,12
2015-01-13 10:58:23,19
2015-01-13 10:58:24,23
2015-01-13 10:58:25,12
2015-01-13 10:58:26,13
2015-01-13 10:58:27,13
2015-01-13 10:58:28,17
2015-01-13 10:58:29,15
2015-01-13 10:58:30,15
2015-01-13 10:58:31,22
2015-01-13 10:58:32,21
2015-01-13 10:58:33,13
2015-01-13 10:58:34,15
2015-01-13 10:58:35,15
2015-01-13 10:58:36,24
2015-01-13 10:58:37,21
2015-01-13 10:58:38,22
2015-01-13 10:58:39,18
2015-01-13 10:58:40,15
2015-01-13 10:58:41,13
2015-01-13 10:58:42,21
2015-01-13 10:58:43,17
2015-01-13 10:58:44,19
2015-01-13 10:58:45,12
2015-01-13 10:58:46,23
2015-01-13 10:58:47,18
2015-01-13 10:58:48,14
2015-01-13 10:58:49,13
2015-01-13 10:58:50,14
2015-01-13 10:58:51,22
2015-01-13 10:58:52,22
2015-01-13 10:58:53,14
2015-01-13 10:58:54,23
2015-01-13 10:58:55,13
2015-01-13 10:58:56,16
2015-01-13 10:58:57,21
2015-01-13 10:58:58,23
2015-01-13 10:58:59,15
2015-01-13 10:59:00,17
2015-01-13 10:59:01,21
2015-01-13 10:59:02,21
2015-01-13 10:59:03,13
2015-01-13 10:59:04,17
2015-01-13 10:59:05,14
2015-01-13 10:59:06,17
2015-01-13 10:59:07,16
2015-01-13 10:59:08,17
2015-01-13 10:59:09,12
2015-01-13 10:59:10,15
2015-01-13 10:59:11,21
2015-01-13 10:59:12,20
2015-01-13 10:59:13,23
2015-01-13 10:59:14,16
2015-01-13 10:59:15,18
2015-01-13 10:59:16,13
2015-01-13 10:59:17,23
2015-01-13 10:59:18,20
2015-01-13 10:59:19,15
2015-01-13 10:59:20,16
2015-01-13 10:59:21,14
2015-01-13 10:59:22,16
2015-01-13 10:59:23,22
2015-01-13 10:59:24,12
2015-01-13 10:59:25,15
2015-01-13 10:59:26,14
2015-01-13 10:59:27,14
2015-01-13 10:59:28,16
2015-01-13 10:59:29,15
2015-01-13 10:59:30,24
2015-01-13 10:59:31,21
2015-01-13 10:59:32,22
2015-01-13 10:59:33,14
2015-01-13 10:59:34,12
2015-01-13 10:59:35,13
2015-01-13 10:59:36,14
2015-01-13 10:59:37,18
2015-01-13 10:59:38,13
2015-01-13 10:59:39,20
2015-01-13 10:59:40,18
2015-01-13 10:59:41,18
2015-01-13 10:59:42,12
2015-01-13 10:59:43,12
2015-01-13 10:59:44,23
2015-01-13 10:59:45,21
2015-01-13 10:59:46,18
2015-01-13 10:59:47,24
2015-01-13 10:59:48,13
2015-01-13 10:59:49,21
2015-01-13 10:59:50,20
2015-01-13 10:59:51,12
2015-01-13 10:59:52,21
2015-01-13 10:59:53,21
2015-01-13 10:59:54,19
2015-01-13 10:59:55,17
2015-01-13 10:59:56,14
2015-01-13 10:59:57,20
2015-01-13 10:59:58,24
2015-01-13 10:59:59,21
2015-01-13 11:00:00,14
2015-01-13 11:00:01,22
2015-01-13 11:00:02,20
2015-01-13 11:00:03,20
2015-01-13 11:00:04,15
2015-01-13 11:00:05,24
2015-01-13 11:00:06,15
2015-01-13 11:00:07,20
2015-01-13 11:00:08,14
2015-01-13 11:00:09,23
2015-01-13 11:00:10,22
2015-01-13 11:00:11,23
2015-01-13 11:00:12,14
2015-01-13 11:00:13,19
2015-01-13 11:00:14,23
2015-01-13 11:00:15,16
2015-01-13 11:00:16,14
2015-01-13 11:00:17,13
2015-01-13 11:00:18,22
2015-01-13 11:00:19,15
2015-01-13 11:00:20,12
2015-01-13 11:00:21,12
2015-01-13 11:00:22,15
2015-01-13 11:00:23,24
2015-01-13 11:00:24,24
2015-01-13 11:00:25,19
2015-01-13 11:00:26,20
2015-01-13 11:00:27,17
2015-01-13 11:00:28,20
2015-01-13 11:00:29,21
2015-01-13 11:00:30,12
2015-01-13 11:00:31,20
2015-01-13 11:00:32,13
2015-01-13 11:00:33,18
2015-01-13 11:00:34,16
2015-01-13 11:00:35,17
2015-01-13 11:00:36,21
2015-01-13 11:00:37,20
2015-01-13 11:00:38,16
2015-01-13 11:00:39,15
2015-01-13 11:00:40,16
2015-01-13 11:00:41,24
2015-01-13 11:00:42,12
2015-01-13 11:00:43,13
2015-01-13 11:00:44,12
2015-01-13 11:00:45,18
2015-01-13 11:00:46,16
2015-01-13 11:00:47,13
2015-01-13 11:00:48,19
2015-01-13 11:00:49,23
2015-01-13 11:00:50,21
2015-01-13 11:00:51,23
2015-01-13 11:00:52,20
2015-01-13 11:00:53,23
2015-01-13 11:00:54,19
2015-01-13 11:00:55,17
2015-01-13 11:00:56,17
2015-01-13 11:00:57,15
2015-01-13 11:00:58,20
2015-01-13 11:00:59,19
2015-01-13 11:01:00,19
2015-01-13 11:01:01,15
2015-01-13 11:01:02,21
2015-01-13 11:01:03,12
2015-01-13 11:01:04,12
2015-01-13 11:01:05,15
2015-01-13 11:01:06,19
2015-01-13 11:01:07,16
2015-01-13 11:01:08,12
2015-01-13 11:01:09,23
2015-01-13 11:01:10,16
2015-01-13 11:01:11,15
2015-01-13 11:01:12,24
2015-01-13 11:01:13,14
2015-01-13 11:01:14,19
2015-01-13 11:01:15,12
2015-01-13 11:01:16,24
2015-01-13 11:01:17,21
2015-01-13 11:01:18,14
2015-01-13 11:01:19,19
2015-01-13 11:01:20,24
2015-01-13 11:01:21,19
2015-01-13 11:01:22,16
2015-01-13 11:01:23,16
2015-01-13 11:01:24,23
2015-01-13 11:01:25,18
2015-01-13 11:01:26,13
2015-01-13 11:01:27,15
2015-01-13 11:01:28,19
2015-01-13 11:01:29,23
2015-01-13 11:01:30,16
2015-01-13 11:01:31,21
2015-01-13 11:01:32,12
2015-01-13 11:01:33,24
2015-01-13 11:01:34,18
2015-01-13 11:01:35,17
2015-01-13 11:01:36,23
2015-01-13 11:01:37,14
2015-01-13 11:01:38,23
2015-01-13 11:01:39,17
2015-01-13 11:01:40,18
2015-01-13 11:01:41,21
2015-01-13 11:01:42,22
2015-01-13 11:01:43,19
2015-01-13 11:01:44,21
2015-01-13 11:01:45,12
2015-01-13 11:01:46,16
2015-01-13 11:01:47,12
2015-01-13 11:01:48,23
2015-01-13 11:01:49,13
2015-01-13 11:01:50,21
2015-01-13 11:01:51,23
2015-01-13 11:01:52,13
2015-01-13 11:01:53,20
2015-01-13 11:01:54,22
2015-01-13 11:01:55,15
2015-01-13 11:01:56,16
2015-01-13 11:01:57,18
2015-01-13 11:01:58,18
2015-01-13 11:01:59,15
2015-01-13 11:02:00,13
2015-01-13 11:02:01,16
2015-01-13 11:02:02,17
2015-01-13 11:02:03,24
2015-01-13 11:02:04,22
2015-01-13 11:02:05,12
2015-01-13 11:02:06,23
2015-01-13 11:02:07,19
2015-01-13 11:02:08,23
2015-01-13 11:02:09,19
2015-01-13 11:02:10,20
2015-01-13 11:02:11,21
2015-01-13 11:02:12,19
2015-01-13 11:02:13,15
2015-01-13 11:02:14,23
2015-01-13 11:02:15,19
2015-01-13 11:02:16,20
2015-01-13 11:02:17,23
2015-01-13 11:02:18,15
2015-01-13 11:02:19,19
2015-01-13 11:02:20,17
2015-01-13 11:02:21,12
2015-01-13 11:02:22,17
2015-01-13 11:02:23,18
2015-01-13 11:02:24,14
2015-01-13 11:02:25,20
2015-01-13 11:02:26,24
2015-01-13 11:02:27,17
2015-01-13 11:02:28,24
2015-01-13 11:02:29,13
2015-01-13 11:02:30,14
2015-01-13 11:02:31,24
2015-01-13 11:02:32,24
2015-01-13 11:02:33,12
2015-01-13 11:02:34,22
2015-01-13 11:02:35,18
2015-01-13 11:02:36,19
2015-01-13 11:02:37,18
2015-01-13 11:02:38,23
2015-01-13 11:02:39,19
2015-01-13 11:02:40,19
2015-01-13 11:02:41,23
2015-01-13 11:02:42,22
2015-01-13 11:02:43,18
2015-01-13 11:02:44,15
2015-01-13 11:02:45,20
2015-01-13 11:02:46,16
2015-01-13 11:02:47,14
2015-01-13 11:02:48,15
2015-01-13 11:02:49,12
2015-01-13 11:02:50,23
2015-01-13 11:02:51,18
2015-01-13 11:02:52,14
2015-01-13 11:02:53,15
2015-01-13 11:02:54,18
2015-01-13 11:02:55,23
2015-01-13 11:02:56,23
2015-01-13 11:02:57,12
2015-01-13 11:02:58,19
2015-01-13 11:02:59,24
2015-01-13 11:03:00,13
2015-01-13 11:03:01,15
2015-01-13 11:03:02,14
2015-01-13 11:03:03,20
2015-01-13 11:03:04,12
2015-01-13 11:03:05,14
2015-01-13 11:03:06,16
2015-01-13 11:03:07,15
2015-01-13 11:03:08,20
2015-01-13 11:03:09,20
2015-01-13 11:03:10,14
2015-01-13 11:03:11,14
2015-01-13 11:03:12,12
2015-01-13 11:03:13,22
2015-01-13 11:03:14,14
2015-01-13 11:03:15,23
2015-01-13 11:03:16,18
2015-01-13 11:03:17,23
2015-01-13 11:03:18,24
2015-01-13 11:03:19,15
2015-01-13 11:03:20,21
2015-01-13 11:03:21,17
2015-01-13 11:03:22,12
2015-01-13 11:03:23,15
2015-01-13 11:03:24,12
2015-01-13 11:03:25,24
2015-01-13 11:03:26,14
2015-01-13 11:03:27,18
2015-01-13 11:03:28,12
2015-01-13 11:03:29,20
2015-01-13 11:03:30,13
2015-01-13 11:03:31,18
2015-01-13 11:03:32,15
2015-01-13 11:03:33,18
2015-01-13 11:03:34,14
2015-01-13 11:03:35,24
2015-01-13 11:03:36,22
2015-01-13 11:03:37,22
2015-01-13 11:03:38,14
2015-01-13 11:03:39,17
2015-01-13 11:03:40,22
2015-01-13 11:03:41,22
2015-01-13 11:03:42,16
2015-01-13 11:03:43,21
2015-01-13 11:03:44,20
2015-01-13 11:03:45,21
2015-01-13 11:03:46,24
2015-01-13 11:03:47,12
2015-01-13 11:03:48,12
2015-01-13 11:03:49,17
2015-01-13 11:03:50,15
2015-01-13 11:03:51,23
2015-01-13 11:03:52,23
2015-01-13 11:03:53,13
2015-01-13 11:03:54,17
2015-01-13 11:03:55,24
2015-01-13 11:03:56,24
2015-01-13 11:03:57,12
2015-01-13 11:03:58,20
2015-01-13 11:03:59,24
2015-01-13 11:04:00,12
2015-01-13 11:04:01,12
2015-01-13 11:04:02,23
2015-01-13 11:04:03,17
2015-01-13 11:04:04,24
2015-01-13 11:04:05,12
2015-01-13 11:04:06,18
2015-01-13 11:04:07,20
2015-01-13 11:04:08,12
2015-01-13 11:04:09,24
2015-01-13 11:04:10,18
2015-01-13 11:04:11,16
2015-01-13 11:04:12,20
2015-01-13 11:04:13,22
2015-01-13 11:04:14,12
2015-01-13 11:04:15,13
2015-01-13 11:04:16,16
2015-01-13 11:04:17,14
2015-01-13 11:04:18,16
2015-01-13 11:04:19,24
2015-01-13 11:04:20,16
2015-01-13 11:04:21,23
2015-01-13 11:04:22,13
2015-01-13 11:04:23,23
2015-01-13 11:04:24,16
2015-01-13 11:04:25,14
2015-01-13 11:04:26,17
2015-01-13 11:04:27,12
2015-01-13 11:04:28,14
2015-01-13 11:04:29,17
2015-01-13 11:04:30,23
2015-01-13 11:04:31,15
2015-01-13 11:04:32,16
2015-01-13 11:04:33,18
2015-01-13 11:04:34,16
2015-01-13 11:04:35,19
2015-01-13 11:04:36,21
2015-01-13 11:04:37,19
2015-01-13 11:04:38,13
2015-01-13 11:04:39,21
2015-01-13 11:04:40,21
2015-01-13 11:04:41,15
2015-01-13 11:04:42,22
2015-01-13 11:04:43,17
2015-01-13 11:04:44,13
2015-01-13 11:04:45,17
2015-01-13 11:04:46,12
2015-01-13 11:04:47,18
2015-01-13 11:04:48,19
2015-01-13 11:04:49,19
2015-01-13 11:04:50,20
2015-01-13 11:04:51,16
2015-01-13 11:04:52,15
2015-01-13 11:04:53,18
2015-01-13 11:04:54,15
2015-01-13 11:04:55,16
2015-01-13 11:04:56,15
2015-01-13 11:04:57,15
2015-01-13 11:04:58,24
2015-01-13 11:04:59,18
2015-01-13 11:05:00,19
2015-01-13 11:05:01,21
2015-01-13 11:05:02,15
2015-01-13 11:05:03,18
2015-01-13 11:05:04,20
2015-01-13 11:05:05,23
2015-01-13 11:05:06,21
2015-01-13 11:05:07,22
2015-01-13 11:05:08,14
2015-01-13 11:05:09,13
2015-01-13 11:05:10,17
2015-01-13 11:05:11,14
2015-01-13 11:05:12,12
2015-01-13 11:05:13,20
2015-01-13 11:05:14,17
2015-01-13 11:05:15,17
2015-01-13 11:05:16,16
2015-01-13 11:05:17,15
2015-01-13 11:05:18,13
2015-01-13 11:05:19,15
2015-01-13 11:05:20,15
2015-01-13 11:05:21,14
2015-01-13 11:05:22,20
2015-01-13 11:05:23,12
2015-01-13 11:05:24,12
2015-01-13 11:05:25,19
2015-01-13 11:05:26,13
2015-01-13 11:05:27,21
2015-01-13 11:05:28,12
2015-01-13 11:05:29,18
2015-01-13 11:05:30,24
2015-01-13 11:05:31,12
2015-01-13 11:05:32,13
2015-01-13 11:05:33,22
2015-01-13 11:05:34,19
2015-01-13 11:05:35,13
2015-01-13 11:05:36,21
2015-01-13 11:05:37,19
2015-01-13 11:05:38,12
2015-01-13 11:05:39,21
2015-01-13 11:05:40,12
2015-01-13 11:05:41,24
2015-01-13 11:05:42,18
2015-01-13 11:05:43,20
2015-01-13 11:05:44,14
2015-01-13 11:05:45,20
2015-01-13 11:05:46,18
2015-01-13 11:05:47,20
2015-01-13 11:05:48,12
2015-01-13 11:05:49,12
2015-01-13 11:05:50,14
2015-01-13 11:05:51,24
2015-01-13 11:05:52,19
2015-01-13 11:05:53,23
2015-01-13 11:05:54,22
2015-01-13 11:05:55,23
2015-01-13 11:05:56,18
2015-01-13 11:05:57,24
2015-01-13 11:05:58,20
2015-01-13 11:05:59,21
2015-01-13 11:06:00,23
2015-01-13 11:06:01,18
2015-01-13 11:06:02,23
2015-01-13 11:06:03,15
2015-01-13 11:06:04,19
2015-01-13 11:06:05,17
2015-01-13 11:06:06,22
2015-01-13 11:06:07,12
2015-01-13 11:06:08,20
2015-01-13 11:06:09,21
2015-01-13 11:06:10,18
2015-01-13 11:06:11,12
2015-01-13 11:06:12,19
2015-01-13 11:06:13,24
2015-01-13 11:06:14,18
2015-01-13 11:06:15,24
2015-01-13 11:06:16,20
2015-01-13 11:06:17,19
2015-01-13 11:06:18,16
2015-01-13 11:06:19,18
2015-01-13 11:06:20,14
2015-01-13 11:06:21,19
2015-01-13 11:06:22,19
2015-01-13 11:06:23,23
2015-01-13 11:06:24,20
2015-01-13 11:06:25,24
2015-01-13 11:06:26,16
2015-01-13 11:06:27,15
2015-01-13 11:06:28,17
2015-01-13 11:06:29,13
2015-01-13 11:06:30,17
2015-01-13 11:06:31,16
2015-01-13 11:06:32,20
2015-01-13 11:06:33,16
2015-01-13 11:06:34,17
2015-01-13 11:06:35,20
2015-01-13 11:06:36,24
2015-01-13 11:06:37,16
2015-01-13 11:06:38,21
2015-01-13 11:06:39,16
2015-01-13 11:06:40,17
2015-01-13 11:06:41,16
2015-01-13 11:06:42,15
2015-01-13 11:06:43,13
2015-01-13 11:06:44,16
2015-01-13 11:06:45,14
2015-01-13 11:06:46,21
2015-01-13 11:06:47,12
2015-01-13 11:06:48,12
2015-01-13 11:06:49,13
2015-01-13 11:06:50,20
2015-01-13 11:06:51,16
2015-01-13 11:06:52,12
2015-01-13 11:06:53,19
2015-01-13 11:06:54,21
2015-01-13 11:06:55,18
2015-01-13 11:06:56,19
2015-01-13 11:06:57,22
2015-01-13 11:06:58,24
2015-01-13 11:06:59,24
2015-01-13 11:07:00,12
2015-01-13 11:07:01,13
2015-01-13 11:07:02,17
2015-01-13 11:07:03,17
2015-01-13 11:07:04,23
2015-01-13 11:07:05,16
2015-01-13 11:07:06,16
2015-01-13 11:07:07,21
2015-01-13 11:07:08,21
2015-01-13 11:07:09,22
2015-01-13 11:07:10,14
2015-01-13 11:07:11,23
2015-01-13 11:07:12,18
2015-01-13 11:07:13,20
2015-01-13 11:07:14,22
2015-01-13 11:07:15,13
2015-01-13 11:07:16,16
2015-01-13 11:07:17,14
2015-01-13 11:07:18,21
2015-01-13 11:07:19,24
2015-01-13 11:07:20,24
2015-01-13 11:07:21,21
2015-01-13 11:07:22,16
2015-01-13 11:07:23,22
2015-01-13 11:07:24,16
2015-01-13 11:07:25,12
2015-01-13 11:07:26,24
2015-01-13 11:07:27,18
2015-01-13 11:07:28,15
2015-01-13 11:07:29,22
2015-01-13 11:07:30,23
2015-01-13 11:07:31,18
2015-01-13 11:07:32,23
2015-01-13 11:07:33,21
2015-01-13 11:07:34,22
2015-01-13 11:07:35,20
2015-01-13 11:07:36,18
2015-01-13 11:07:37,15
2015-01-13 11:07:38,16
2015-01-13 11:07:39,14
2015-01-13 11:07:40,16
2015-01-13 11:07:41,16
2015-01-13 11:07:42,20
2015-01-13 11:07:43,13
2015-01-13 11:07:44,21
2015-01-13 11:07:45,20
2015-01-13 11:07:46,20
2015-01-13 11:07:47,12
2015-01-13 11:07:48,16
2015-01-13 11:07:49,15
2015-01-13 11:07:50,15
2015-01-13 11:07:51,23
2015-01-13 11:07:52,12
2015-01-13 11:07:53,14
2015-01-13 11:07:54,21
2015-01-13 11:07:55,12
2015-01-13 11:07:56,18
2015-01-13 11:07:57,24
2015-01-13 11:07:58,24
2015-01-13 11:07:59,19
2015-01-13 11:08:00,12
2015-01-13 11:08:01,14
2015-01-13 11:08:02,17
2015-01-13 11:08:03,15
2015-01-13 11:08:04,20
2015-01-13 11:08:05,23
2015-01-13 11:08:06,22
2015-01-13 11:08:07,20
2015-01-13 11:08:08,19
2015-01-13 11:08:09,13
2015-01-13 11:08:10,16
2015-01-13 11:08:11,22
2015-01-13 11:08:12,12
2015-01-13 11:08:13,16
2015-01-13 11:08:14,20
2015-01-13 11:08:15,12
2015-01-13 11:08:16,22
2015-01-13 11:08:17,20
2015-01-13 11:08:18,23
2015-01-13 11:08:19,12
2015-01-13 11:08:20,18
2015-01-13 11:08:21,19
2015-01-13 11:08:22,23
2015-01-13 11:08:23,15
2015-01-13 11:08:24,16
2015-01-13 11:08:25,22
2015-01-13 11:08:26,23
2015-01-13 11:08:27,24
2015-01-13 11:08:28,22
2015-01-13 11:08:29,15
2015-01-13 11:08:30,14
2015-01-13 11:08:31,22
2015-01-13 11:08:32,18
2015-01-13 11:08:33,21
2015-01-13 11:08:34,14
2015-01-13 11:08:35,20
2015-01-13 11:08:36,22
2015-01-13 11:08:37,12
2015-01-13 11:08:38,16
2015-01-13 11:08:39,18
2015-01-13 11:08:40,18
2015-01-13 11:08:41,16
2015-01-13 11:08:42,17
2015-01-13 11:08:43,24
2015-01-13 11:08:44,24
2015-01-13 11:08:45,20
2015-01-13 11:08:46,12
2015-01-13 11:08:47,13
2015-01-13 11:08:48,22
2015-01-13 11:08:49,21
2015-01-13 11:08:50,17
2015-01-13 11:08:51,21
2015-01-13 11:08:52,24
2015-01-13 11:08:53,14
2015-01-13 11:08:54,13
2015-01-13 11:08:55,19
2015-01-13 11:08:56,14
2015-01-13 11:08:57,18
2015-01-13 11:08:58,13
2015-01-13 11:08:59,13
2015-01-13 11:09:00,18
2015-01-13 11:09:01,14
2015-01-13 11:09:02,16
2015-01-13 11:09:03,23
2015-01-13 11:09:04,21
2015-01-13 11:09:05,24
2015-01-13 11:09:06,14
2015-01-13 11:09:07,23
2015-01-13 11:09:08,24
2015-01-13 11:09:09,16
2015-01-13 11:09:10,15
2015-01-13 11:09:11,21
2015-01-13 11:09:12,19
2015-01-13 11:09:14,18
2015-01-13 11:09:15,24
2015-01-13 11:09:16,17
2015-01-13 11:09:17,12
2015-01-13 11:09:18,16
2015-01-13 11:09:19,24
2015-01-13 11:09:20,19
2015-01-13 11:09:21,23
2015-01-13 11:09:22,23
2015-01-13 11:09:23,22
2015-01-13 11:09:24,12
2015-01-13 11:09:25,15
2015-01-13 11:09:26,18
2015-01-13 11:09:27,21
2015-01-13 11:09:28,17
2015-01-13 11:09:29,24
2015-01-13 11:09:30,22
2015-01-13 11:09:31,13
2015-01-13 11:09:32,16
2015-01-13 11:09:33,14
2015-01-13 11:09:34,23
2015-01-13 11:09:35,19
2015-01-13 11:09:36,17
2015-01-13 11:09:37,24
2015-01-13 11:09:38,24
2015-01-13 11:09:39,15
2015-01-13 11:09:40,24
2015-01-13 11:09:41,19
2015-01-13 11:09:42,14
2015-01-13 11:09:43,24
2015-01-13 11:09:44,17
2015-01-13 11:09:45,15
2015-01-13 11:09:46,20
2015-01-13 11:09:47,18
2015-01-13 11:09:48,14
2015-01-13 11:09:49,16
2015-01-13 11:09:50,18
2015-01-13 11:09:51,21
2015-01-13 11:09:52,24
2015-01-13 11:09:53,23
2015-01-13 11:09:54,22
2015-01-13 11:09:55,18
2015-01-13 11:09:56,13
2015-01-13 11:09:57,23
2015-01-13 11:09:58,19
2015-01-13 11:09:59,22
2015-01-13 11:10:00,22
2015-01-13 11:10:01,20
2015-01-13 11:10:02,12
2015-01-13 11:10:03,23
2015-01-13 11:10:04,13
2015-01-13 11:10:05,17
2015-01-13 11:10:06,18
2015-01-13 11:10:07,22
2015-01-13 11:10:08,15
2015-01-13 11:10:09,18
2015-01-13 11:10:10,16
2015-01-13 11:10:11,19
2015-01-13 11:10:12,19
2015-01-13 11:10:13,20
2015-01-13 11:10:14,18
2015-01-13 11:10:15,18
2015-01-13 11:10:16,16
2015-01-13 11:10:17,14
2015-01-13 11:10:18,24
2015-01-13 11:10:19,23
2015-01-13 11:10:20,20
2015-01-13 11:10:21,21
2015-01-13 11:10:22,19
2015-01-13 11:10:23,22
2015-01-13 11:10:24,17
2015-01-13 11:10:25,12
2015-01-13 11:10:26,12
2015-01-13 11:10:27,13
2015-01-13 11:10:28,19
2015-01-13 11:10:29,15
2015-01-13 11:10:30,14
2015-01-13 11:10:31,20
2015-01-13 11:10:32,14
2015-01-13 11:10:33,21
2015-01-13 11:10:34,19
2015-01-13 11:10:35,13
2015-01-13 11:10:36,12
2015-01-13 11:10:37,15
2015-01-13 11:10:38,15
2015-01-13 11:10:39,23
2015-01-13 11:10:40,22
2015-01-13 11:10:41,22
2015-01-13 11:10:42,18
2015-01-13 11:10:43,14
2015-01-13 11:10:44,21
2015-01-13 11:10:45,22
2015-01-13 11:10:46,20
2015-01-13 11:10:47,22
2015-01-13 11:10:48,16
2015-01-13 11:10:49,16
2015-01-13 11:10:50,20
2015-01-13 11:10:51,21
2015-01-13 11:10:52,24
2015-01-13 11:10:53,14
2015-01-13 11:10:54,18
2015-01-13 11:10:55,24
2015-01-13 11:10:56,24
2015-01-13 11:10:57,19
2015-01-13 11:10:58,20
2015-01-13 11:10:59,19
2015-01-13 11:11:00,22
2015-01-13 11:11:01,21
2015-01-13 11:11:02,15
2015-01-13 11:11:03,24
2015-01-13 11:11:04,15
2015-01-13 11:11:05,16
2015-01-13 11:11:06,20
2015-01-13 11:11:07,23
2015-01-13 11:11:08,24
2015-01-13 11:11:09,24
2015-01-13 11:11:10,17
2015-01-13 11:11:11,14
2015-01-13 11:11:12,24
2015-01-13 11:11:13,15
2015-01-13 11:11:14,15
2015-01-13 11:11:15,22
2015-01-13 11:11:16,13
2015-01-13 11:11:17,12
2015-01-13 11:11:18,20
2015-01-13 11:11:19,23
2015-01-13 11:11:20,20
2015-01-13 11:11:21,24
2015-01-13 11:11:22,22
2015-01-13 11:11:23,12
2015-01-13 11:11:24,14
2015-01-13 11:11:25,16
2015-01-13 11:11:26,12
2015-01-13 11:11:27,22
2015-01-13 11:11:28,17
2015-01-13 11:11:29,21
2015-01-13 11:11:30,21
2015-01-13 11:11:31,23
2015-01-13 11:11:32,21
2015-01-13 11:11:33,23
2015-01-13 11:11:34,18
2015-01-13 11:11:35,16
2015-01-13 11:11:36,22
2015-01-13 11:11:37,20
2015-01-13 11:11:38,13
2015-01-13 11:11:39,12
2015-01-13 11:11:40,13
2015-01-13 11:11:41,18
2015-01-13 11:11:42,20
2015-01-13 11:11:43,23
2015-01-13 11:11:44,24
2015-01-13 11:11:45,16
2015-01-13 11:11:46,15
2015-01-13 11:11:47,17
2015-01-13 11:11:48,13
2015-01-13 11:11:49,13
2015-01-13 11:11:50,13
2015-01-13 11:11:51,21
2015-01-13 11:11:52,24
2015-01-13 11:11:53,12
2015-01-13 11:11:54,24
2015-01-13 11:11:55,12
2015-01-13 11:11:56,15
2015-01-13 11:11:57,21
2015-01-13 11:11:58,20
2015-01-13 11:11:59,17
2015-01-13 11:12:00,16
2015-01-13 11:12:01,15
2015-01-13 11:12:02,15
2015-01-13 11:12:03,13
2015-01-13 11:12:04,19
2015-01-13 11:12:05,24
2015-01-13 11:12:06,18
2015-01-13 11:12:07,14
2015-01-13 11:12:08,22
2015-01-13 11:12:09,24
2015-01-13 11:12:10,20
2015-01-13 11:12:11,23
2015-01-13 11:12:12,20
2015-01-13 11:12:13,13
2015-01-13 11:12:14,12
2015-01-13 11:12:15,14
2015-01-13 11:12:16,18
2015-01-13 11:12:17,22
2015-01-13 11:12:18,22
2015-01-13 11:12:19,13
2015-01-13 11:12:20,16
2015-01-13 11:12:21,18
2015-01-13 11:12:22,15
2015-01-13 11:12:23,22
2015-01-13 11:12:24,21
2015-01-13 11:12:25,19
2015-01-13 11:12:26,17
2015-01-13 11:12:27,14
2015-01-13 11:12:28,17
2015-01-13 11:12:29,15
2015-01-13 11:12:30,13
2015-01-13 11:12:31,22
2015-01-13 11:12:32,15
2015-01-13 11:12:33,24
2015-01-13 11:12:34,14
2015-01-13 11:12:35,16
2015-01-13 11:12:36,23
2015-01-13 11:12:37,22
2015-01-13 11:12:38,12
2015-01-13 11:12:39,14
2015-01-13 11:12:40,24
2015-01-13 11:12:41,23
2015-01-13 11:12:42,24
2015-01-13 11:12:43,19
2015-01-13 11:12:44,23
2015-01-13 11:12:45,24
2015-01-13 11:12:46,14
2015-01-13 11:12:47,20
2015-01-13 11:12:48,20
2015-01-13 11:12:49,14
2015-01-13 11:12:50,20
2015-01-13 11:12:51,13
2015-01-13 11:12:52,18
2015-01-13 11:12:53,20
2015-01-13 11:12:54,18
2015-01-13 11:12:55,17
2015-01-13 11:12:56,13
2015-01-13 11:12:57,13
2015-01-13 11:12:58,18
2015-01-13 11:12:59,20
2015-01-13 11:13:00,18
2015-01-13 11:13:01,21
2015-01-13 11:13:02,12
2015-01-13 11:13:03,24
2015-01-13 11:13:04,14
2015-01-13 11:13:05,24
2015-01-13 11:13:06,18
